{
    "experiment_id": "TimeLLM_ETTh1_TimeLLM-ETTh1-GPT2_20251208_160931",
    "log_dir": "./logs/TimeLLM_ETTh1_TimeLLM-ETTh1-GPT2_20251208_160931",
    "metrics_history": {
        "train_loss": [
            0.44210816563600563,
            0.3971189783656027,
            0.3890402763933537,
            0.3782686128084403,
            0.37240382959227636,
            0.36749742490302517,
            0.36467075990550074,
            0.36258386247661484,
            0.3612490352762648,
            0.36093888302663885,
            0.36136110766653523,
            0.3606004534638023,
            0.36079660773396016,
            0.3603767613134536,
            0.360464668532173
        ],
        "vali_loss": [
            0.7923629244511154,
            0.7943268259880186,
            0.8170908920723816,
            0.7812046632170677,
            0.7496117036575558,
            0.7619929276834959,
            0.7660488426342777,
            0.7632300682023339,
            0.7689663646207459,
            0.7712447073781628,
            0.7702646085928226,
            0.7701300974378641,
            0.770359145413185,
            0.7707932888176935,
            0.7704612714634544
        ],
        "test_loss": [
            0.4038687212628195,
            0.4205898703771761,
            0.3957271608042306,
            0.38775996037427035,
            0.38627118523093473,
            0.38757677406243896,
            0.38767583030222474,
            0.3861750312063886,
            0.3856487778582792,
            0.3866788836988224,
            0.3866780385289384,
            0.386436871327888,
            0.38647244776459944,
            0.38646662547841837,
            0.3864615073149232
        ],
        "mae_loss": [
            0.4201754669862232,
            0.43752872215947886,
            0.4157599081424461,
            0.4109489318283125,
            0.41147859154761524,
            0.4121628699117693,
            0.4111377802388421,
            0.4095365770760624,
            0.40907923962878084,
            0.4098630503847681,
            0.40991681934088126,
            0.4096906788047703,
            0.40967389461637915,
            0.4096605534526123,
            0.40965641375588274
        ],
        "learning_rate": [
            0.0003999999999999993,
            0.0003999999999999993,
            0.00019999999999999966,
            9.999999999999983e-05,
            4.9999999999999914e-05,
            2.4999999999999957e-05,
            1.2499999999999979e-05,
            6.249999999999989e-06,
            3.1249999999999946e-06,
            1.5624999999999973e-06,
            7.812499999999987e-07,
            3.9062499999999933e-07,
            1.9531249999999967e-07,
            9.765624999999983e-08,
            4.8828124999999916e-08
        ],
        "epoch_time": [
            547.2945301532745,
            586.1509127616882,
            587.8679151535034,
            582.1750648021698,
            594.6883065700531,
            590.7447512149811,
            585.5958631038666,
            594.4965116977692,
            585.6935517787933,
            582.189836025238,
            593.0986609458923,
            586.2025797367096,
            581.925695180893,
            592.826089143753,
            585.5486896038055
        ]
    },
    "best_epoch": null,
    "early_stop_epoch": 15,
    "final_metrics": {},
    "best_results": {
        "best_vali_loss": 0.7496117036575558,
        "best_test_loss": 0.38627118523093473,
        "best_mae_loss": 0.41147859154761524
    }
}