{
    "experiment_id": "TimeLLM_ETTh1_TimeLLM-ETTh1-GPT2_20251208_120632",
    "log_dir": "./logs/TimeLLM_ETTh1_TimeLLM-ETTh1-GPT2_20251208_120632",
    "metrics_history": {
        "train_loss": [
            0.43592350665791574,
            0.39222374898325874,
            0.38068794892484925,
            0.37010106992021025,
            0.36182775910928905,
            0.35676570748724784,
            0.35306814033909145,
            0.35108575017091287,
            0.3495915219395522,
            0.34920349754244684,
            0.3488298589846052,
            0.34869264921106663,
            0.34807015477542386,
            0.3490068561052421,
            0.34822833526181984
        ],
        "vali_loss": [
            0.7879565451508281,
            0.7712417729627127,
            0.8113388313815512,
            0.8294481295963814,
            0.7662048456312596,
            0.7821560553435621,
            0.801482324713263,
            0.7970327957608234,
            0.8005989733441122,
            0.7981418189646183,
            0.7971047293180706,
            0.7985879195661381,
            0.7990173581002773,
            0.7994660195605509,
            0.7993671250925667
        ],
        "test_loss": [
            0.39766029945050163,
            0.39889848831741287,
            0.38966167598277673,
            0.39166413710035125,
            0.38663552560169123,
            0.38868751012902153,
            0.3895575270998752,
            0.3876794868245207,
            0.3884219641144248,
            0.3885250461084404,
            0.38842045550031223,
            0.3883186393342484,
            0.38831399355469076,
            0.38836126744575883,
            0.38836585327811624
        ],
        "mae_loss": [
            0.4177058058223505,
            0.41850334354515734,
            0.4133073164299987,
            0.4133391188479018,
            0.4121464973893659,
            0.41263199169402837,
            0.4130555673063486,
            0.4117595539695915,
            0.41224379520649196,
            0.4123610823318876,
            0.4123190104447562,
            0.4122060557035194,
            0.4121872831521363,
            0.41220989412274855,
            0.41220086607439765
        ],
        "learning_rate": [
            0.0003999999999999993,
            0.0003999999999999993,
            0.00019999999999999966,
            9.999999999999983e-05,
            4.9999999999999914e-05,
            2.4999999999999957e-05,
            1.2499999999999979e-05,
            6.249999999999989e-06,
            3.1249999999999946e-06,
            1.5624999999999973e-06,
            7.812499999999987e-07,
            3.9062499999999933e-07,
            1.9531249999999967e-07,
            9.765624999999983e-08,
            4.8828124999999916e-08
        ],
        "epoch_time": [
            518.0403444766998,
            509.2206509113312,
            509.5116891860962,
            509.2727701663971,
            510.6638140678406,
            508.047621011734,
            509.5572416782379,
            510.65439558029175,
            510.76921033859253,
            510.6429867744446,
            509.9236390590668,
            507.67617654800415,
            510.1369774341583,
            511.1191420555115,
            512.38183760643
        ]
    },
    "best_epoch": null,
    "early_stop_epoch": 15,
    "final_metrics": {},
    "best_results": {
        "best_vali_loss": 0.7662048456312596,
        "best_test_loss": 0.38663552560169123,
        "best_mae_loss": 0.4121464973893659
    }
}